{"cameraMode":{"drawMode":0,"name":"Shaded","section":"Shading Mode"},"sceneLighting":false,"audioPlay":false,"sceneViewState":{"m_AlwaysRefresh":false,"showFog":true,"showSkybox":false,"showFlares":true,"showImageEffects":true,"showParticleSystems":true,"showVisualEffectGraphs":true,"m_FxEnabled":true},"in2DMode":false,"pivot":{"x":266.0985107421875,"y":283.2789001464844,"z":-91.32782745361328},"rotation":{"x":0.058769866824150088,"y":0.014971014112234116,"z":-0.0008769981795921922,"w":0.9981673955917358},"size":78.4778060913086,"orthographic":false}